Workbook
Name A.ps: Calculation!$X$245
Name b.s: Calculation!$X$270
Name b.w1: Calculation!$X$147
Name b.w2: Calculation!$X$148
Name BS.F11: Calculation!$X$310
Name BS.F12: Calculation!$X$311
Name BS.F13: Calculation!$X$312
Name BS.F14: Calculation!$X$313
Name c.g._bot: Calculation!$X$327
Name c.g._spc_tendons: Calculation!$X$326
Name c.g._top: Calculation!$X$328
Name c.g.comb.: Calculation!$X$306
Name c.g.ext.f: Calculation!$X$292
Name c.g.int.f: Calculation!$X$297
Name c.g.overhang: Calculation!$X$287
Name c.g.web: Calculation!$X$302
Name CG.BS: Calculation!$X$314
Name CG.OFW: Calculation!$X$307
Name CG.TS: Calculation!$X$282
Name Comb.F: Calculation!$X$305
Name D.bs: Calculation!$X$152
Name e.genzone: Calculation!$X$261
Name EF.F5: Calculation!$X$290
Name EF.F6: Calculation!$X$291
Name f.s: Calculation!$X$268
Name fci: Calculation!$X$456
Name fpu: Calculation!$X$246
Name fy: Calculation!$X$428
Name H.bs: Calculation!$X$158
Name H.o: Calculation!$X$159
Name H.ts: Calculation!$X$156
Name Hf.ext: Calculation!$X$277
Name Hf.int: Calculation!$X$275
Name Hw.ext: Calculation!$X$674
Name IF.F7: Calculation!$X$295
Name IF.F8: Calculation!$X$296
Name J.5_y_Coord: Calculation!$X$322
Name J.7_x_Coord: Calculation!$X$332
Name J.7_y_Coord: Calculation!$X$331
Name J.8_x_Coord: Calculation!$X$336
Name J.8_y_Coord: Calculation!$X$335
Name L.A: Calculation!$X$149
Name L.anchorage: Calculation!$X$206
Name L.b: Calculation!$X$151
Name L.bf: Calculation!$X$157
Name L.bs: Calculation!$X$153
Name L.CL1: Calculation!$X$144
Name L.CL2: Calculation!$X$145
Name L.ds: Calculation!$X$155
Name L.F: Calculation!$X$146
Name L.Gz: Calculation!$X$214
Name L.Lz: Calculation!$X$207
Name L.oh: Calculation!$X$160
Name L.s: Calculation!$X$154
Name m.I: Calculation!$X$222
Name N.B: Calculation!$X$432
Name N.B1: Calculation!$X$762
Name N.BT: Calculation!$X$251
Name N.S: Calculation!$X$442
Name N.T1: Calculation!$X$586

Sheet Guidance and Scope
A1: 1. Guidance
A3: This spreadsheet provides guidance for the design and verification of the end block (anchorage zone) of a post‑tensioned multicell concrete box girder bridge. The calculation methodology is based on the provisions of AASHTO LRFD Bridge Design Specifications, 10th Edition, and reflects commonly accepted bridge engineering practice for post‑tensioned anchorage zones. The anchorage zone is treated as a disturbed region (D‑region) where the classical assumption that plane sections remain plane is not valid due to the highly concentrated prestressing forces. Accordingly, the strut‑and‑tie method is employed to model the force flow and to determine reinforcement demands and concrete stresses. Simplified equilibrium‑based approaches are used where appropriate to maintain transparency, traceability, and computational efficiency. This spreadsheet guides the user through:
A10: • | C10: definition of anchorage geometry and section properties, including the effects of flared webs,
A11: • | C11: determination of local and general anchorage zones,
A12: • | C12: resolution of factored prestressing forces into horizontal and vertical components,
A13: • | C13: evaluation of stresses and resultant forces at the end of the anchorage zone,
A14: • | C14: development and solution of strut‑and‑tie models for the anchorage zone, top slab, and bottom slab,
A15: • | C15: design of bursting and spalling reinforcement,
A16: • | C16: verification of concrete compressive stresses beyond the local zone.
A17: The spreadsheet is intended to be used by experienced structural or bridge engineers familiar with post‑tensioned concrete design and AASHTO LRFD requirements. Engineering judgment is required when interpreting results and applying them to project‑specific conditions.
A20: 2. Scope
A22: The scope of this spreadsheet is limited to the design and verification of the end block (anchorage zone) for a post‑tensioned multicell concrete box girder with internal and exterior webs. Specifically, the spreadsheet covers the following:
A25: • | C25: End block and anchorage zone geometry definition, including web flaring and diaphragm location.
A26: • | C26: Determination of local zone and general zone lengths in accordance with AASHTO LRFD.
A27: • | C27: Calculation of section properties at the end of the anchorage zone.
A28: • | C28: Determination of anchorage zone stresses and resultant forces based on factored prestressing forces.
C29: Strut‑and‑tie modeling of:
A30: • | D30: the anchorage zone,
A31: • | D31: the top slab anchorage region,
A32: • | D32: the bottom slab anchorage region.
C33: Design of:
A34: • | D34: web bursting reinforcement,
A35: • | D35: spalling reinforcement near anchorage faces,
A36: • | D36: transverse reinforcement in the top slab,
A37: • | D37: transverse reinforcement in the bottom slab.
C38: Verification of concrete compressive stresses at:
A39: • | D39: the local zone / general zone interface,
A40: • | D40: the end of the diaphragm.
A41: The following items are outside the scope of this spreadsheet:
A43: • | C43: detailed design of anchorage hardware and proprietary post‑tensioning components,
A44: • | C44: detailed concrete stress checks within the immediate anchorage head local zone,
A45: • | C45: time‑dependent effects such as creep, shrinkage, relaxation, and long‑term prestress losses,
A46: • | C46: global girder analysis or service‑level stress checks outside the anchorage region,
A47: • | C47: applicability to external post‑tensioning systems or non‑standard anchorage layouts without modification.
A48: The spreadsheet is formulated for routine bridge design applications. Use for geometries, loading conditions, or structural systems significantly different from those assumed herein may require modification of the methodology and independent verification.

Sheet Inputs
A1: Project Name | B1: North Connector Bridge | M1: TEMPLATE_VERSION | P1: 1.0.0
A2: Jacobs Project Number | B2: 408545
A3: Section | B3: C.1
A4: Originator | B4: TG
A5: Date | B5: 46305
A6: Checker | B6: SB
A7: Date | B7: 46091
A8: Revision No. | B8: 1
I9: Note: Max number of spacing is 21
A10: Number of internal webs, Nweb = | B10: 4 | E10: No. | I10: Spacing btw webs for Top Slab (m) | O10: Spacing btw webs for Bot Slab (m)
A11: Front of Diaphragm to CL of Bridge Abut, LCL1 = | B11: =1.5*12*0.0254 -> 0.4572 | E11: m
A12: Back of Diaphragm to CL of Bridge Abut, LCL2 = | B12: =2*12*0.0254 -> 0.6096 | E12: m | I12: =38*0.0254 -> 0.9652 | O12: =71.04*0.0254 -> 1.804416
A13: Web Flare Length, LF = | B13: =16*12*0.0254 -> 4.8768 | E13: m | I13: =93.5*0.0254 -> 2.3749 | O13: =93*0.0254 -> 2.3622
A14: Beginning Web Flare Width, bw1 = | B14: =18*0.0254 -> 0.4572 | E14: m | I14: =93*0.0254 -> 2.3622 | O14: =93*0.0254 -> 2.3622
A15: Ending Web Flare Width, bw2 = | B15: =12*0.0254 -> 0.3048 | E15: m | I15: =93*0.0254 -> 2.3622 | O15: =93*0.0254 -> 2.3622
A16: Bottom Length of Anchore Blockout, LA = | B16: =9*0.0254 -> 0.2286 | E16: m | I16: =93*0.0254 -> 2.3622 | O16: =71.04*0.0254 -> 1.804416
A17: Angle at which exterior web is placed β = | B17: 21.8 | E17: deg | I17: =93.5*0.0254 -> 2.3749
A18: Min Distance from Bottom Slab to CL of Strands at Midspan, Dbs = | B18: =12*0.0254 -> 0.3048 | E18: m | I18: =38*0.0254 -> 0.9652
A19: Beggining of Strands Bending counting from Bearing CL, Lbs = | B19: =52*12*0.0254 -> 15.8496 | E19: m
A20: Span Length, Ls = | B20: =130*12*0.0254 -> 39.624 | E20: m
A21: Top Slab Width, Lds = | B21: =542*0.0254 -> 13.7668 | E21: m
A22: Top Slab Thickness, Hts = | B22: =8*0.0254 -> 0.2032 | E22: m
A23: Bottom Slab Width, Lbf = | B23: =436*0.0254 -> 11.0744 | E23: m
A24: Bottom Slab Thickness, Hbs = | B24: =6*0.0254 -> 0.1524 | E24: m
A25: Overhang Thickness, Ho = | B25: =9*0.0254 -> 0.2286 | E25: m
A26: Overhang Width, Loh = | B26: =(63/2)*0.0254 -> 0.8001 | E26: m
A27: Maximum Width of Local Zone, Wlz = | B27: =16.4*0.0254 -> 0.41656 | E27: m
A28: Length of Anchorage Device Confining Reinforcement, Lanchorage = | B28: =15*0.0254 -> 0.381 | E28: m
A29: Section Height, Sh = | B29: =5.5*12*0.0254 -> 1.6764 | E29: m
A30: Section Width, Sw = | B30: =93*0.0254 -> 2.3622 | E30: m
A31: Area of section, Sa = | B31: =12349*0.00064516 -> 7.9670808 | E31: m2
A32: Moment of Interia mI = | B32: =7160048*0.000000416231426 -> 2.980237 | E32: m4
A33: Distance to Bottom Fiber, ybf = | B33: =36.831*0.0254 -> 0.9355074 | E33: m
A34: Distance to Top Fiber, ytf = | B34: =29.169*0.0254 -> 0.7408926 | E34: m | G34: 0
A35: Number of Strands, No.str = | B35: 200 | E35: No.
A36: Aera of Strand, Aps = | B36: =0.217*6.4516 -> 1.3999972 | E36: cm2
A37: Tensile Strength, fpu = | B37: =270*6.8947572932 -> 1861.5845 | E37: Mpa
A38: Number of Strands in Top Tendon, NTT = | B38: =17*6 -> 102 | E38: No.
A39: Number of Strands in Bottom Tendon, NBT = | B39: =16*4+17*2 -> 98 | E39: No.
A40: Interior Fillet Height, Hf_int = | B40: =4*0.0254 -> 0.1016 | E40: m
A41: Interior Fillet Width, Wf_int = | B41: =20*0.0254 -> 0.508 | E41: m
A42: Exterior Fillet Thickness, Hf_ext = | B42: =3*0.0254 -> 0.0762 | E42: m
A43: C.G spaced from tendons = | B43: =18*0.0254 -> 0.4572 | E43: m
A44: Res. Factor for Tensile Rebar in Anchorage Zones, ϕ.t = | B44: 1
A45: Steel Yield Strength, fy = | B45: =60*6.8947572932 -> 413.68544 | E45: MPa
A46: Stirrup Size for Bursting, XB = | B46: 6 | E46: #
A47: Number of Bursting Stirrups, NB = | B47: 7 | E47: No.
A48: Reinforcing Size for Spalling, XS = | B48: 5 | E48: #
A49: Number of Spalling Bars, NS = | B49: 2 | E49: No.
A50: Final Concrete Strength, f'ci = | B50: =3.5*6.8947572932 -> 24.131651 | E50: MPa
A51: Res Facor for Concrete Comp in Anch Zone, ϕc = | B51: 0.8
A52: Top Slab Zone 1 Trans Rebar Size, XT1 = | B52: 7 | E52: #
A53: Number of Top Slab Zone 1 Trans Rebar, NT1 = | B53: 6 | E53: No.
A54: Top Slab Zone 2 Trans Rebar Size, XT2 = | B54: 5 | E54: #
A55: Number of Top Slab Zone 2 Trans Rebar, NT2 = | B55: 4 | E55: No.
A56: Exterior Web Thickness, Hw_ext = | B56: =16.08*0.0254 -> 0.408432 | E56: m
A57: Bottom Slab Zone 1 Trans Rebar Size, XB1 = | B57: 9 | E57: #
A58: Number of Bottom Slab Zone 1 Trans Reabr, NB1 = | B58: 6 | E58: No.
A59: Number of Bundle Bars, Nobun_Top_first = | B59: 1 | E59: No.
A60: Number of Bundle Bars, Nobun_Top_second = | B60: 1 | E60: No.
A61: Number of Bundle Bars, Nobun_Bott = | B61: 2 | E61: No.

Sheet Calculation
BG1: COMPUTATION SHEET | BS1: Page:
BS2: Origmator: | BW2: =Inputs!B4 -> TG
BS3: Date: | BW3: =Inputs!B5 -> 46305
A4: Project Name: | E4: =Inputs!B1 -> North Connector Bridge | BS4: Checker: | BW4: =Inputs!B6 -> SB
A5: Project No.: | E5: =Inputs!B2 -> 408545 | BS5: Date: | BW5: =Inputs!B7 -> 46091
A6: Section: | E6: =Inputs!B3 &" Design of Anchor Zone" -> C.1 Design of Anchor Zone | BS6: Revision No.: | BW6: =Inputs!B8 -> 1
A8: =Inputs!B3&" End Block Design" -> C.1 End Block Design
BT9: Equation or Reference
C10: 1 | E10: Introduction
E12: This calculation presents the design of the end block (anchorage zone) for a post‑tensioned multicell concrete box girder bridge, in accordance with the AASHTO LRFD Bridge Design Specifications, 10th Edition. The end block is required to safely transfer the highly concentrated post‑tensioning anchorage forces into the bridge superstructure while maintaining acceptable concrete stresses and providing adequate reinforcement to resist tensile splitting and bursting forces. Within the anchorage zone, the standard assumption that plane sections remain plane is not valid due to the nonlinear stress flow caused by the concentrated prestressing forces. Accordingly, this calculation evaluates the anchorage zone using the strut‑and‑tie modeling approach, which is explicitly permitted by AASHTO LRFD for disturbed regions (D‑regions) and is well suited for complex stress distributions occurring near prestressing anchorages. The analysis includes:
F19: • | G19: Geometric definition of the local zone, general zone, and overall anchorage zone,
F20: • | G20: Determination of section properties at the end of the anchorage zone accounting for web flaring,
F21: • | G21: Resolution of post‑tensioning forces into horizontal and vertical components,
F22: • | G22: Evaluation of stress distributions and corresponding forces in the top slab, webs, fillets, and bottom slab,
F23: • | G23: Construction and solution of strut‑and‑tie models for the anchorage zone, top slab, and bottom slab,
F24: • | G24: Design checks for bursting reinforcement, spalling reinforcement, and concrete compressive stresses.
E26: This calculation is implemented in a spreadsheet format intended to provide a transparent, traceable, and repeatable design procedure consistent with established AASHTO LRFD examples and commonly accepted bridge engineering practice.
C29: 1.1. | G29: Design Limitations
G31: The design methodology and spreadsheet are subject to the following limitations:
G33: 1 | I33: Assumed Tendon Geometry Near Anchorage
I34: Tendons are assumed to be straight near the anchorage device, consistent with post‑tensioning hardware and trumpet geometry. Parabolic or deviated tendon behavior beyond the anchorage zone is not considered in this portion of the analysis.
G36: 2 | I36: Local Zone Concrete Capacity
I37: Concrete stresses within the local zone immediately ahead of the anchorage device are not checked in detail. It is assumed that anchorage hardware, confining reinforcement, and testing provided by the post‑tensioning system supplier satisfy AASHTO requirements. Concrete stress checks are performed only at the local zone / general zone interface and at critical geometric discontinuities.
G39: 3 | I39: Simplified Slab Distribution Assumptions
I40: For the top and bottom slabs, simplified load distribution assumptions are used to generate the strut‑and‑tie models. Full elasticity‑based slab behavior is not evaluated. The bottom slab model specifically assumes non‑uniform distribution due to the sloped exterior web and absence of a bottom cantilever.
G42: 4 | I42: Material Behavior
I43: Reinforcing steel is assumed to behave elastically up to yield with yielding permitted in tension ties. Concrete is assumed to remain uncracked in compression struts. Long‑term effects such as creep, shrinkage, relaxation, and time‑dependent redistribution of stresses are not directly evaluated.
G45: 5 | I45: Bridge Configuration
I46: The spreadsheet is formulated for multicell box girders with flared webs and discrete anchorage groupings. Application to significantly different geometries, atypical anchorage layouts, or external post‑tensioning systems may require modification of the model.
C52: 1.2. | G52: Selection of Strut‑and‑Tie Method
G54: The strut‑and‑tie method was selected over refined elastic stress analysis and approximate methods because it more accurately represents the force flow in the anchorage region of box girders. Approximate methods may not adequately capture the I‑shaped behavior of the cross section, while refined elastic analyses can become unnecessarily complex for routine bridge design. For slab strut‑and‑tie models, a complete nodal equilibrium solution is not performed. Instead, free‑body diagrams and moment equilibrium are used to determine critical tension tie forces. This approach is consistent with the referenced LRFD example and provides sufficient accuracy for reinforcement design while maintaining calculation efficiency.
C59: 1.3. | G59: Definition of Local / General Zones and Concrete Stress Checks
G61: Local zone dimensions are based on anchorage hardware and confining reinforcement requirements, while the general zone is governed by the maximum depth or width of the section. The chosen lengths are consistent with AASHTO LRFD limits. Several simplifications—such as assuming uniform distribution at the end of the general zone and using widened web dimensions—introduce conservatism into the design. Concrete stress limits are evaluated using factored prestressing forces and resistance factors appropriate for anchorage zones. The stress‑spreading assumption of a 1:3 slope is used to assess stresses at the local/general zone interface and at the diaphragm discontinuity, providing a conservative but practical approach.
C96: 2 | E96: Notation
E98: The nomenclature used throughout this calculation tool is described in this section.
C101: 2.1. | G101: Description of Variables
F104: Aps = | G104: aera of strand (cm2) | AB104: Lbs = | AC104: beginning of strands bending counting from bearing CL (m) | AX104: Sw = | AY104: section width (m)
F105: As.prov = | G105: provided aera of reinforcement (m2) | AB105: LCL_e = | AC105: distance from CL of edge of bottom slab to end of slab (m) | AX105: ts = | AY105: general zone stress distribution at upper edge on top flange (MPa)
F106: As.req = | G106: required aera of reinforcement (m2) | AB106: LCL1 = | AC106: front of diaphragm to CL of bridge abutment (m) | AX106: tbs = | AY106: general zone stress distribution at bottom edge on top flange (MPa)
F107: bs = | G107: general zone stress distribution at bttom edge on bottom flange (MPa) | AB107: LCL2 = | AC107: back of diaphragm to CL of bridge abutment (m) | AX107: TWfw = | AY107: total web flare width (m)
F108: bw1 = | G108: width of web at the begin of it flare (m) | AB108: Lds = | AC108: top slab width (m) | AX108: U = | AY108: uniform load at top slab (kN/m)
F109: bw2 = | G109: width of web at the end of it flare (m) | AB109: Le_CL = | AC109: distance from edge of bottom slab to CL of exterior web (m) | AX109: Wext = | AY109: exterior uniform load at bottom slab (kN/m)
F110: CGBS = | G110: bottom slab center of gravity (m) | AB110: LF = | AC110: web flare length (m) | AX110: Wew/2 = | AY110: half of exterior web width taken parallel to slab (m)
F111: CGFE = | G111: exterior fillets center of gravity (m) | AB111: LGz = | AC111: length of general zone (same as anchorage zone) (m) | AX111: Wf_int = | AY111: interior fillet width (m)
F112: CGFI = | G112: interior fillets center of gravity (m) | AB112: LLz = | AC112: length of local zone (m) | AX112: Wfw = | AY112: web flare width (m)
F113: CGOFW = | G113: overhang, fillets, and web center of gravity (m) | AB113: Loh = | AC113: overhang width (m) | AX113: Wint = | AY113: interior uniform load at bottom slab (kN/m)
F114: CGOH = | G114: overhang center of gravity (m) | AB114: Ls = | AC114: span length (m) | AX114: Wlz = | AY114: maximum width of local zone (m)
F115: CGTen = | G115: tendon center of gravity spacing (m) | AB115: mI = | AC115: moment of interia (m4) | AX115: XB = | AY115: stirrup size for bursting
... F126: fy = | G126: steel yield strength (MPa) | AB126: NTT = | AC126: number of strands in top tendon (No.) | AX126: ϕt = | AY126: resistance factor for tensile rebar in anchorage zone (-)
F127: H = | G127: height of spread stresses at the end of diaphragm (m) | AB127: Nweb = | AC127: number of internal webs (No.)
F128: Hbs = | G128: bottom slab thickness (m) | AB128: os = | AC128: general zone stress distribution on overhang (MPa)
F129: Hf_ext = | G129: exterior fillet thickness (m) | AB129: Pu = | AC129: total jacking force (kN)
F130: Hf_int = | G130: interior fillet height (m) | AB130: Puh = | AC130: horizontal total tendon force (kN)
F131: Hl = | G131: height of C. G. of assumed load (m) | AB131: Puh_b = | AC131: horizontal bottom tendon force (kN)
F132: hLZ = | G132: local zone / general zone interface hight (m) | AB132: Puh_t= | AC132: horizontal top tendon force (kN)
F133: Ho = | G133: overhang thickness (m) | AB133: Puv = | AC133: vertical total tendon force (kN)
F134: Hts = | G134: Top Slab Thickness | AB134: Puv_b = | AC134: vertical bottom tendon force (kN)
F135: Hw_ext = | G135: exterior web thickness (m) | AB135: Puv_t = | AC135: vertical top tendon force (kN)
F136: LA = | G136: bottom length of anchore blockout (m) | AB136: Pweb = | AC136: force applied to each web (kN)
F137: Lanchorage = | G137: length of anchorage device confining reinforcement (m) | AB137: Sa = | AC137: area of section (m2)
F138: Lb = | G138: distance from face of the blockout to the bridge abutment CL (m) | AB138: Sh = | AC138: section height (m)
F139: Lbf = | G139: bottom slab width (m) | AB139: ss = | AC139: general zone stress distribution on soffit (MPa)
C140: 3 | E140: Geometry Definitions
W143: Number of internal webs, Nweb = | X143: =Inputs!B10 -> 4
W144: Front of Diaphragm to CL of Bridge Abut, LCL1 = | X144: =Inputs!B11 -> 0.4572
W145: Back of Diaphragm to CL of Bridge Abut, LCL2 = | X145: =Inputs!B12 -> 0.6096
W146: Web Flare Length, LF = | X146: =Inputs!B13 -> 4.8768
W147: Beginning Web Flare Width, bw1 = | X147: =Inputs!B14 -> 0.4572
W148: Ending Web Flare Width, bw2 = | X148: =Inputs!B15 -> 0.3048
W149: Bottom Length of Anchore Blockout, LA = | X149: =Inputs!B16 -> 0.2286
W150: Angle at which exterior web is placed β = | X150: =Inputs!B17 -> 21.8
W151: Distance from Face of the Blockout to the Bridge Abutment CL Lb = | X151: =((L.CL2-L.A)-L.CL2*TAN(RADIANS(α))) / (1 + TAN(RADIANS(α))^2) -> 0.34390523
W152: Min Distance from Bottom Slab to CL of Strands at Midspan, Dbs = | X152: =Inputs!B18 -> 0.3048
W153: Beginning of Strands Bending counting from Bearing CL, Lbs = | X153: =Inputs!B19 -> 15.8496
W154: Span Length, Ls = | X154: =Inputs!B20 -> 39.624
W155: Top Slab Width, Lds = | X155: =Inputs!B21 -> 13.7668
W156: Top Slab Thickness, Hts = | X156: =Inputs!B22 -> 0.2032
W157: Bottom Slab Width, Lbf = | X157: =Inputs!B23 -> 11.0744
W158: Bottom Slab Thickness, Hbs = | X158: =Inputs!B24 -> 0.1524
W159: Overhang Thickness, Ho = | X159: =Inputs!B25 -> 0.2286 | AE159: ="Figure "&Inputs!$B$3&"-1: Plan View of Anchorage Zone" -> Figure C.1-1: Plan View of Anchorage Zone
W160: Overhang Width, Loh = | X160: =Inputs!B26 -> 0.8001
BA164: ="Figure "&Inputs!$B$3&"-2: Top Slab Partial Section View" -> Figure C.1-2: Top Slab Partial Section View
E178: ="Figure "&Inputs!$B$3&"-3: Idealized Section at Anchorage Zone" -> Figure C.1-3: Idealized Section at Anchorage Zone | AE178: ="Figure "&Inputs!$B$3&"-4: Elevation View of Anchorage Zone" -> Figure C.1-4: Elevation View of Anchorage Zone | BA178: ="Figure "&Inputs!$B$3&"-5: Bottom Slab Partial Section View" -> Figure C.1-5: Bottom Slab Partial Section View
C184: 4 | E184: Anchorage Zones and Section Properties
E186: This section defines the geometry required for analysis of the anchorage zone of the post‑tensioned multicell box girder. The anchorage zone is the region of the structure through which the concentrated prestressing forces introduced by the anchorage devices spread into a more uniform stress distribution across the section. Within this region, conventional beam theory assumptions are not valid, and the stress state must be evaluated using strut‑and‑tie principles. The anchorage zone is subdivided into the local zone and the general zone in accordance with AASHTO LRFD provisions. The local zone is defined as the region immediately surrounding the anchorage device and confining reinforcement, where high compressive stresses dominate. The general zone extends beyond the local zone and includes areas subjected to tensile stresses due to force dispersion and geometry changes. Accurate definition of these zones is required to establish the limits of stress checks and the regions where reinforcement design is governed by anchorage‑related forces. Section properties used in subsequent stress and force calculations are determined at the end of the anchorage zone, where stresses are assumed to be sufficiently distributed to permit classical sectional analysis. Due to the presence of flared webs and varying geometry in this region, section dimensions, area, centroidal distances, and moments of inertia are explicitly calculated rather than assumed constant. These properties form the basis for determining stress distributions, resultant forces in individual components of the cross section, and the inputs required for development of the strut‑and‑tie models used in later sections.
C196: 4.1. | G196: Anchorage Zone Parameters
W199: Distance of Straight Strands near the anchorage device, yb2.9 = | X199: =D.bs+(S.h/2-D.bs)*((L.bs-0.1*L.s)/L.bs)^2 -> 0.6048375
W200: Angle of Anchorage Device, α = | X200: =DEGREES(ATAN((S.h/2-y.b2.9)/(L.s*0.1))) -> 3.3704976
C202: 4.2 | G202: Determine Local Zone Length
W205: Maximum Width of Local Zone, Wlz = | X205: =Inputs!B27 -> 0.41656 | BY205: AASHTO 5.9.5.6.3
W206: Length of Anchorage Device Confining Reinforcement, Lanchorage = | X206: =Inputs!B28 -> 0.381 | BY206: AASHTO 5.8.4.4.1
W207: Length of Local Zone, LLz = | X207: =MIN(MAX(W.lz, L.anchorage), 1.5*W.lz) -> 0.41656 | BY207: AASHTO 5.14.3
C209: 4.3 | G209: Determine General Zone Length
W212: Section Height, Sh = | X212: =Inputs!B29 -> 1.6764
W213: Section Width, Sw = | X213: =Inputs!B30 -> 2.3622
W214: Length of General Zone (same as anchorage zone), LGz = | X214: =MIN(MAX(S.w, S.h), 1.5*MAX(S.w, S.h)) -> 2.3622 | BY214: AASHTO 5.9.5.6.5
C216: 4.4 | G216: Determine Section Properties
W219: Web Flare Width, Wfw = | X219: =b.w2+(b.w1-b.w2)*(L.b+L.CL1+L.F-L.Gz)/(L.F) -> 0.40841579
W220: Total Web Flare Width, TWfw = | X220: =W.fw*(2/COS(RADIANS(β))+N.web) -> 2.513409
W221: Area of section, Sa = | X221: =Inputs!B31 -> 7.9670808
...

Sheet Outputs
A1: 11. Web Bursting Design
A2: Required Aera of Reinforcement, As.req = | B2: =Calculation!X433 -> 39.870517 | C2: cm2 | E2: References
A3: Provided Aera of Reinforcement, As.prov = | B3: =Calculation!X434 -> 39.741856 | C3: cm2 | E3: AASHTO, 10th
A4: D/C | B4: =B2/B3 -> 1.0032374
A5: 12. Spaling Reinforcing
A6: Required Aera of Reinforcement, As.req = | B6: =Calculation!X443 -> 3.8807922 | C6: cm2
A7: Provided Aera of Reinforcement, As.prov = | B7: =Calculation!X444 -> 3.999992 | C7: cm2
A8: D/C | B8: =B6/B7 -> 0.9702
A9: 13. Concrete Stresses
A10: Concrete Stresses at the Local/General Zone, fci_L.G = | B10: =Calculation!X455 -> 10.041138 | C10: Mpa
A11: Concrete Stresses at the End of Diaphragm, fci_ED = | B11: =Calculation!X464 -> 12.471082 | C11: Mpa
A12: Allowable stress = | B12: =Calculation!X458 -> 13.513724 | C12: Mpa
A13: D/C | B13: =MAX(B10:B11)/B12 -> 0.9228457
A14: 14. Top Slab Analysis
A15: First tie tensile reinforcement requirement:
A16: Required Aera of Reinforcement, As.req = | B16: =Calculation!X588 -> 22.566663 | C16: cm2
A17: Provided Aera of Reinforcement, As.prov = | B17: =Calculation!X589 -> 23.22576 | C17: cm2
A18: D/C | B18: =B16/B17 -> 0.97162215
A19: Second tie tensile reinforcement requirement:
A20: Required Aera of Reinforcement, As.req = | B20: =Calculation!X597 -> 7.3714844 | C20: cm2
A21: Provided Aera of Reinforcement, As.prov = | B21: =Calculation!X598 -> 7.999984 | C21: cm2
A22: D/C | B22: =B20/B21 -> 0.9214374
A23: 15. Bottom Slab Analysis
A24: First tie tensile reinforcement requirement:
A25: Required Aera of Reinforcement, As.req = | B25: =Calculation!X764 -> 68.640838 | C25: in2
A26: Provided Aera of Reinforcement, As.prov = | B26: =Calculation!X765 -> 77.4192 | C26: in2
A27: D/C | B27: =B25/B26 -> 0.88661259

Sheet Template Notes
A1: Template Formatting Notes
A2: 1 | B2: Rows and Columns always 20 pixels
A3: 2 | B3: Use font 9 and type 'Jacobs Chronos' for calcs
A4: 3 | B4: Keep Scale always set to 100% (Page Layout Tab > Scale to Fit > Scale:)
A5: 4 | B5: Top and Bottom Margins set to 0.30"; left and right margins set to 0.25"; Header set to 0.30"; Footer set to 0.00" (Page Layout Tab > Page Setup > Margins Tab)
A6: 5 | B6: Select 'Horiontally' under 'Center on Page' section (Page Layout Tab > Page Setup > Margins Tab)
A7: 6 | B7: Set "$1:$7" in 'Rows to Repeat' (Page Layout > Page Setup > Sheet Tab)
A8: 7 | B8: Excel sets column and row size based on screen pixels. Windows has a setting to scale screen pixels (Display Settings > Scale & Layout > Scale). The amount of space a column or row takes up on the page is directly affected by the windows scale for screen pixels; thus a spreadsheet will print differently if users have different windows pixel scales. Tools have been develped to print with a windows pixel scale of 100%, and the windows pixel scale should be set to this before printing to achieve proper formating.
